Message,Category
Your OTP is 512570. Do not share it with anyone.,OTP
Your order #2632 has been dispatched.,Logistic
This is a suspicious login attempt. Was this you?,Fraud
Your OTP is 270245. Do not share it with anyone.,OTP
Your package is out for delivery and will arrive by 6 PM.,Logistic
Unusual activity detected in your account. Verify immediately.,Fraud
Your OTP is 586437 and is valid for 10 minutes.,OTP
Track your shipment here: [tracking_link].,Logistic
Unusual activity detected in your account. Verify immediately.,Fraud
Your OTP is 199785 and is valid for 10 minutes.,OTP
Track your shipment here: [tracking_link].,Logistic
"Your account password has been reset. If not you, contact support.",Fraud
Enter OTP 766365 to proceed with your transaction.,OTP
Track your shipment here: [tracking_link].,Logistic
This is a suspicious login attempt. Was this you?,Fraud
Your OTP is 115606 and is valid for 10 minutes.,OTP
Track your shipment here: [tracking_link].,Logistic
This is a suspicious login attempt. Was this you?,Fraud
Your OTP is 156577. Do not share it with anyone.,OTP
Your package is out for delivery and will arrive by 6 PM.,Logistic
"Your account password has been reset. If not you, contact support.",Fraud
Your OTP is 441077 and is valid for 10 minutes.,OTP
Track your shipment here: [tracking_link].,Logistic
"Your account password has been reset. If not you, contact support.",Fraud
Your OTP is 186995. Do not share it with anyone.,OTP
Your package is out for delivery and will arrive by 6 PM.,Logistic
This is a suspicious login attempt. Was this you?,Fraud
Your OTP is 918014. Do not share it with anyone.,OTP
Track your shipment here: [tracking_link].,Logistic
This is a suspicious login attempt. Was this you?,Fraud
Your OTP is 330229. Do not share it with anyone.,OTP
Your package is out for delivery and will arrive by 6 PM.,Logistic
"Your account password has been reset. If not you, contact support.",Fraud
Your OTP is 421852. Do not share it with anyone.,OTP
Track your shipment here: [tracking_link].,Logistic
Unusual activity detected in your account. Verify immediately.,Fraud
Enter OTP 761837 to proceed with your transaction.,OTP
Your package is out for delivery and will arrive by 6 PM.,Logistic
Unusual activity detected in your account. Verify immediately.,Fraud
Your OTP is 604851 and is valid for 10 minutes.,OTP
Track your shipment here: [tracking_link].,Logistic
This is a suspicious login attempt. Was this you?,Fraud
Enter OTP 903967 to proceed with your transaction.,OTP
Your order #9238 has been dispatched.,Logistic
Unusual activity detected in your account. Verify immediately.,Fraud
Your OTP is 158263. Do not share it with anyone.,OTP
Your package is out for delivery and will arrive by 6 PM.,Logistic
This is a suspicious login attempt. Was this you?,Fraud
Your OTP is 660142. Do not share it with anyone.,OTP
Your package is out for delivery and will arrive by 6 PM.,Logistic
"Your account password has been reset. If not you, contact support.",Fraud
Your OTP is 136437. Do not share it with anyone.,OTP
Your package is out for delivery and will arrive by 6 PM.,Logistic
"Your account password has been reset. If not you, contact support.",Fraud
Enter OTP 975672 to proceed with your transaction.,OTP
Track your shipment here: [tracking_link].,Logistic
"Your account password has been reset. If not you, contact support.",Fraud
Your OTP is 872786. Do not share it with anyone.,OTP
Your package is out for delivery and will arrive by 6 PM.,Logistic
This is a suspicious login attempt. Was this you?,Fraud
Enter OTP 193058 to proceed with your transaction.,OTP
Your package is out for delivery and will arrive by 6 PM.,Logistic
"Your account password has been reset. If not you, contact support.",Fraud
Enter OTP 958107 to proceed with your transaction.,OTP
Your package is out for delivery and will arrive by 6 PM.,Logistic
This is a suspicious login attempt. Was this you?,Fraud
Enter OTP 893887 to proceed with your transaction.,OTP
Track your shipment here: [tracking_link].,Logistic
"Your account password has been reset. If not you, contact support.",Fraud
Your OTP is 339973. Do not share it with anyone.,OTP
Your package is out for delivery and will arrive by 6 PM.,Logistic
Unusual activity detected in your account. Verify immediately.,Fraud
Enter OTP 594515 to proceed with your transaction.,OTP
Track your shipment here: [tracking_link].,Logistic
This is a suspicious login attempt. Was this you?,Fraud
Your OTP is 543929. Do not share it with anyone.,OTP
Your package is out for delivery and will arrive by 6 PM.,Logistic
This is a suspicious login attempt. Was this you?,Fraud
Enter OTP 414743 to proceed with your transaction.,OTP
Track your shipment here: [tracking_link].,Logistic
This is a suspicious login attempt. Was this you?,Fraud
Your OTP is 375695 and is valid for 10 minutes.,OTP
Your package is out for delivery and will arrive by 6 PM.,Logistic
"Your account password has been reset. If not you, contact support.",Fraud
Enter OTP 180653 to proceed with your transaction.,OTP
Your package is out for delivery and will arrive by 6 PM.,Logistic
Unusual activity detected in your account. Verify immediately.,Fraud
Enter OTP 912695 to proceed with your transaction.,OTP
Your order #4861 has been dispatched.,Logistic
"Your account password has been reset. If not you, contact support.",Fraud
Your OTP is 828484 and is valid for 10 minutes.,OTP
Your order #3871 has been dispatched.,Logistic
This is a suspicious login attempt. Was this you?,Fraud
Your OTP is 761639 and is valid for 10 minutes.,OTP
Your order #8453 has been dispatched.,Logistic
"Your account password has been reset. If not you, contact support.",Fraud
Enter OTP 461003 to proceed with your transaction.,OTP
Your order #7747 has been dispatched.,Logistic
"Your account password has been reset. If not you, contact support.",Fraud
Your OTP is 592476. Do not share it with anyone.,OTP
Your package is out for delivery and will arrive by 6 PM.,Logistic
"Your account password has been reset. If not you, contact support.",Fraud
Enter OTP 914214 to proceed with your transaction.,OTP
Your package is out for delivery and will arrive by 6 PM.,Logistic
"Your account password has been reset. If not you, contact support.",Fraud
Your OTP is 351504 and is valid for 10 minutes.,OTP
Your package is out for delivery and will arrive by 6 PM.,Logistic
Unusual activity detected in your account. Verify immediately.,Fraud
Your OTP is 379695 and is valid for 10 minutes.,OTP
Your package is out for delivery and will arrive by 6 PM.,Logistic
This is a suspicious login attempt. Was this you?,Fraud
Your OTP is 524453. Do not share it with anyone.,OTP
Track your shipment here: [tracking_link].,Logistic
"Your account password has been reset. If not you, contact support.",Fraud
Your OTP is 837026 and is valid for 10 minutes.,OTP
Your package is out for delivery and will arrive by 6 PM.,Logistic
This is a suspicious login attempt. Was this you?,Fraud
Enter OTP 448581 to proceed with your transaction.,OTP
Your package is out for delivery and will arrive by 6 PM.,Logistic
"Your account password has been reset. If not you, contact support.",Fraud
Enter OTP 598186 to proceed with your transaction.,OTP
Track your shipment here: [tracking_link].,Logistic
"Your account password has been reset. If not you, contact support.",Fraud
Your OTP is 274430. Do not share it with anyone.,OTP
Track your shipment here: [tracking_link].,Logistic
"Your account password has been reset. If not you, contact support.",Fraud
Your OTP is 865273. Do not share it with anyone.,OTP
Your order #3692 has been dispatched.,Logistic
Unusual activity detected in your account. Verify immediately.,Fraud
Your OTP is 805813 and is valid for 10 minutes.,OTP
Your order #6047 has been dispatched.,Logistic
Unusual activity detected in your account. Verify immediately.,Fraud
Your OTP is 241166. Do not share it with anyone.,OTP
Your package is out for delivery and will arrive by 6 PM.,Logistic
"Your account password has been reset. If not you, contact support.",Fraud
Your OTP is 583155. Do not share it with anyone.,OTP
Track your shipment here: [tracking_link].,Logistic
This is a suspicious login attempt. Was this you?,Fraud
Your OTP is 223437 and is valid for 10 minutes.,OTP
Your order #8964 has been dispatched.,Logistic
This is a suspicious login attempt. Was this you?,Fraud
Enter OTP 857776 to proceed with your transaction.,OTP
Track your shipment here: [tracking_link].,Logistic
Unusual activity detected in your account. Verify immediately.,Fraud
Enter OTP 987660 to proceed with your transaction.,OTP
Your package is out for delivery and will arrive by 6 PM.,Logistic
Unusual activity detected in your account. Verify immediately.,Fraud
Enter OTP 150887 to proceed with your transaction.,OTP
Your package is out for delivery and will arrive by 6 PM.,Logistic
Unusual activity detected in your account. Verify immediately.,Fraud
Your OTP is 492445 and is valid for 10 minutes.,OTP
Your order #2524 has been dispatched.,Logistic
This is a suspicious login attempt. Was this you?,Fraud
Your OTP is 465726. Do not share it with anyone.,OTP
Your package is out for delivery and will arrive by 6 PM.,Logistic
"Your account password has been reset. If not you, contact support.",Fraud
Your OTP is 680815 and is valid for 10 minutes.,OTP
Your package is out for delivery and will arrive by 6 PM.,Logistic
Unusual activity detected in your account. Verify immediately.,Fraud
Your OTP is 580075 and is valid for 10 minutes.,OTP
Your order #8141 has been dispatched.,Logistic
Unusual activity detected in your account. Verify immediately.,Fraud
Enter OTP 571997 to proceed with your transaction.,OTP
Your order #6211 has been dispatched.,Logistic
"Your account password has been reset. If not you, contact support.",Fraud
Your OTP is 620169 and is valid for 10 minutes.,OTP
Your package is out for delivery and will arrive by 6 PM.,Logistic
"Your account password has been reset. If not you, contact support.",Fraud
Enter OTP 423094 to proceed with your transaction.,OTP
Your package is out for delivery and will arrive by 6 PM.,Logistic
"Your account password has been reset. If not you, contact support.",Fraud
Enter OTP 913947 to proceed with your transaction.,OTP
Track your shipment here: [tracking_link].,Logistic
"Your account password has been reset. If not you, contact support.",Fraud
Your OTP is 188610. Do not share it with anyone.,OTP
Track your shipment here: [tracking_link].,Logistic
"Your account password has been reset. If not you, contact support.",Fraud
Enter OTP 100147 to proceed with your transaction.,OTP
Your order #3871 has been dispatched.,Logistic
"Your account password has been reset. If not you, contact support.",Fraud
Your OTP is 722820. Do not share it with anyone.,OTP
Your package is out for delivery and will arrive by 6 PM.,Logistic
This is a suspicious login attempt. Was this you?,Fraud
Enter OTP 770351 to proceed with your transaction.,OTP
Track your shipment here: [tracking_link].,Logistic
Unusual activity detected in your account. Verify immediately.,Fraud
Your OTP is 721080. Do not share it with anyone.,OTP
Your package is out for delivery and will arrive by 6 PM.,Logistic
Unusual activity detected in your account. Verify immediately.,Fraud
Your OTP is 331185. Do not share it with anyone.,OTP
Track your shipment here: [tracking_link].,Logistic
Unusual activity detected in your account. Verify immediately.,Fraud
Your OTP is 346865 and is valid for 10 minutes.,OTP
Your order #2574 has been dispatched.,Logistic
"Your account password has been reset. If not you, contact support.",Fraud
Your OTP is 481497. Do not share it with anyone.,OTP
Your package is out for delivery and will arrive by 6 PM.,Logistic
Unusual activity detected in your account. Verify immediately.,Fraud
Enter OTP 818737 to proceed with your transaction.,OTP
Your order #3916 has been dispatched.,Logistic
This is a suspicious login attempt. Was this you?,Fraud
Your OTP is 949876 and is valid for 10 minutes.,OTP
Your order #9226 has been dispatched.,Logistic
Unusual activity detected in your account. Verify immediately.,Fraud
Your OTP is 602028. Do not share it with anyone.,OTP
Track your shipment here: [tracking_link].,Logistic
This is a suspicious login attempt. Was this you?,Fraud
Your OTP is 230382. Do not share it with anyone.,OTP
Your order #5283 has been dispatched.,Logistic
Unusual activity detected in your account. Verify immediately.,Fraud
Your OTP is 246055 and is valid for 10 minutes.,OTP
Track your shipment here: [tracking_link].,Logistic
"Your account password has been reset. If not you, contact support.",Fraud
Your OTP is 168425. Do not share it with anyone.,OTP
Your order #1682 has been dispatched.,Logistic
This is a suspicious login attempt. Was this you?,Fraud
Your OTP is 327457. Do not share it with anyone.,OTP
Your order #5382 has been dispatched.,Logistic
"Your account password has been reset. If not you, contact support.",Fraud
Your OTP is 127648. Do not share it with anyone.,OTP
Your order #1259 has been dispatched.,Logistic
This is a suspicious login attempt. Was this you?,Fraud
Enter OTP 961221 to proceed with your transaction.,OTP
Your package is out for delivery and will arrive by 6 PM.,Logistic
This is a suspicious login attempt. Was this you?,Fraud
Your OTP is 127924 and is valid for 10 minutes.,OTP
Your order #9774 has been dispatched.,Logistic
This is a suspicious login attempt. Was this you?,Fraud
Enter OTP 957288 to proceed with your transaction.,OTP
Track your shipment here: [tracking_link].,Logistic
Unusual activity detected in your account. Verify immediately.,Fraud
Enter OTP 274745 to proceed with your transaction.,OTP
Track your shipment here: [tracking_link].,Logistic
This is a suspicious login attempt. Was this you?,Fraud
Your OTP is 543898 and is valid for 10 minutes.,OTP
Your package is out for delivery and will arrive by 6 PM.,Logistic
"Your account password has been reset. If not you, contact support.",Fraud
Enter OTP 355826 to proceed with your transaction.,OTP
Your order #9361 has been dispatched.,Logistic
"Your account password has been reset. If not you, contact support.",Fraud
Your OTP is 441587 and is valid for 10 minutes.,OTP
Your package is out for delivery and will arrive by 6 PM.,Logistic
"Your account password has been reset. If not you, contact support.",Fraud
Enter OTP 439247 to proceed with your transaction.,OTP
Your order #5322 has been dispatched.,Logistic
"Your account password has been reset. If not you, contact support.",Fraud
Your OTP is 790044. Do not share it with anyone.,OTP
Your package is out for delivery and will arrive by 6 PM.,Logistic
This is a suspicious login attempt. Was this you?,Fraud
Your OTP is 832898 and is valid for 10 minutes.,OTP
Your order #1412 has been dispatched.,Logistic
Unusual activity detected in your account. Verify immediately.,Fraud
Your OTP is 544944. Do not share it with anyone.,OTP
Your order #2346 has been dispatched.,Logistic
"Your account password has been reset. If not you, contact support.",Fraud
Your OTP is 746675. Do not share it with anyone.,OTP
Track your shipment here: [tracking_link].,Logistic
Unusual activity detected in your account. Verify immediately.,Fraud
Your OTP is 448562 and is valid for 10 minutes.,OTP
Track your shipment here: [tracking_link].,Logistic
This is a suspicious login attempt. Was this you?,Fraud
Your OTP is 989468. Do not share it with anyone.,OTP
Your package is out for delivery and will arrive by 6 PM.,Logistic
This is a suspicious login attempt. Was this you?,Fraud
Your OTP is 996050 and is valid for 10 minutes.,OTP
Your package is out for delivery and will arrive by 6 PM.,Logistic
"Your account password has been reset. If not you, contact support.",Fraud
Enter OTP 602210 to proceed with your transaction.,OTP
Track your shipment here: [tracking_link].,Logistic
Unusual activity detected in your account. Verify immediately.,Fraud
Enter OTP 553056 to proceed with your transaction.,OTP
Track your shipment here: [tracking_link].,Logistic
Unusual activity detected in your account. Verify immediately.,Fraud
Enter OTP 185335 to proceed with your transaction.,OTP
Your package is out for delivery and will arrive by 6 PM.,Logistic
Unusual activity detected in your account. Verify immediately.,Fraud
Your OTP is 564694 and is valid for 10 minutes.,OTP
Track your shipment here: [tracking_link].,Logistic
"Your account password has been reset. If not you, contact support.",Fraud
Enter OTP 669245 to proceed with your transaction.,OTP
Track your shipment here: [tracking_link].,Logistic
This is a suspicious login attempt. Was this you?,Fraud
Your OTP is 343847. Do not share it with anyone.,OTP
Track your shipment here: [tracking_link].,Logistic
Unusual activity detected in your account. Verify immediately.,Fraud
Enter OTP 100592 to proceed with your transaction.,OTP
Your package is out for delivery and will arrive by 6 PM.,Logistic
"Your account password has been reset. If not you, contact support.",Fraud
Your OTP is 193043. Do not share it with anyone.,OTP
Your package is out for delivery and will arrive by 6 PM.,Logistic
Unusual activity detected in your account. Verify immediately.,Fraud
Your OTP is 662236. Do not share it with anyone.,OTP
Your order #1772 has been dispatched.,Logistic
"Your account password has been reset. If not you, contact support.",Fraud
Your OTP is 480525 and is valid for 10 minutes.,OTP
Your package is out for delivery and will arrive by 6 PM.,Logistic
This is a suspicious login attempt. Was this you?,Fraud
Enter OTP 652241 to proceed with your transaction.,OTP
Your package is out for delivery and will arrive by 6 PM.,Logistic
This is a suspicious login attempt. Was this you?,Fraud
Enter OTP 304082 to proceed with your transaction.,OTP
Your order #4720 has been dispatched.,Logistic
"Your account password has been reset. If not you, contact support.",Fraud
Enter OTP 623945 to proceed with your transaction.,OTP
Your order #7436 has been dispatched.,Logistic
This is a suspicious login attempt. Was this you?,Fraud
Your OTP is 387385. Do not share it with anyone.,OTP
Your order #9315 has been dispatched.,Logistic
This is a suspicious login attempt. Was this you?,Fraud
Your OTP is 845763. Do not share it with anyone.,OTP
Your order #2825 has been dispatched.,Logistic
Unusual activity detected in your account. Verify immediately.,Fraud
Your OTP is 112058. Do not share it with anyone.,OTP
Your package is out for delivery and will arrive by 6 PM.,Logistic
"Your account password has been reset. If not you, contact support.",Fraud
Your OTP is 643574. Do not share it with anyone.,OTP
Your package is out for delivery and will arrive by 6 PM.,Logistic
"Your account password has been reset. If not you, contact support.",Fraud
Your OTP is 371506. Do not share it with anyone.,OTP
Your package is out for delivery and will arrive by 6 PM.,Logistic
"Your account password has been reset. If not you, contact support.",Fraud
Your OTP is 703586. Do not share it with anyone.,OTP
Your order #6953 has been dispatched.,Logistic
"Your account password has been reset. If not you, contact support.",Fraud
Your OTP is 315782. Do not share it with anyone.,OTP
Your package is out for delivery and will arrive by 6 PM.,Logistic
Unusual activity detected in your account. Verify immediately.,Fraud
Enter OTP 443610 to proceed with your transaction.,OTP
Your package is out for delivery and will arrive by 6 PM.,Logistic
Unusual activity detected in your account. Verify immediately.,Fraud
Your OTP is 682711 and is valid for 10 minutes.,OTP
Track your shipment here: [tracking_link].,Logistic
This is a suspicious login attempt. Was this you?,Fraud
Enter OTP 668667 to proceed with your transaction.,OTP
Track your shipment here: [tracking_link].,Logistic
"Your account password has been reset. If not you, contact support.",Fraud
Your OTP is 181480 and is valid for 10 minutes.,OTP
Your package is out for delivery and will arrive by 6 PM.,Logistic
This is a suspicious login attempt. Was this you?,Fraud
Your OTP is 530436 and is valid for 10 minutes.,OTP
Your order #2968 has been dispatched.,Logistic
"Your account password has been reset. If not you, contact support.",Fraud
Enter OTP 586923 to proceed with your transaction.,OTP
Your order #7354 has been dispatched.,Logistic
Unusual activity detected in your account. Verify immediately.,Fraud
Enter OTP 313476 to proceed with your transaction.,OTP
Your order #2588 has been dispatched.,Logistic
"Your account password has been reset. If not you, contact support.",Fraud
Your OTP is 275528 and is valid for 10 minutes.,OTP
Your package is out for delivery and will arrive by 6 PM.,Logistic
Unusual activity detected in your account. Verify immediately.,Fraud
Enter OTP 784939 to proceed with your transaction.,OTP
Track your shipment here: [tracking_link].,Logistic
This is a suspicious login attempt. Was this you?,Fraud
Your OTP is 253047 and is valid for 10 minutes.,OTP
Your package is out for delivery and will arrive by 6 PM.,Logistic
Unusual activity detected in your account. Verify immediately.,Fraud
Enter OTP 333040 to proceed with your transaction.,OTP
Track your shipment here: [tracking_link].,Logistic
"Your account password has been reset. If not you, contact support.",Fraud
Your OTP is 722373 and is valid for 10 minutes.,OTP
Your order #4163 has been dispatched.,Logistic
Unusual activity detected in your account. Verify immediately.,Fraud
Your OTP is 630742 and is valid for 10 minutes.,OTP
Your package is out for delivery and will arrive by 6 PM.,Logistic
Unusual activity detected in your account. Verify immediately.,Fraud
Your OTP is 483104 and is valid for 10 minutes.,OTP
Your package is out for delivery and will arrive by 6 PM.,Logistic
"Your account password has been reset. If not you, contact support.",Fraud
Enter OTP 423697 to proceed with your transaction.,OTP
Your package is out for delivery and will arrive by 6 PM.,Logistic
This is a suspicious login attempt. Was this you?,Fraud
Your OTP is 146828 and is valid for 10 minutes.,OTP
Your order #5987 has been dispatched.,Logistic
This is a suspicious login attempt. Was this you?,Fraud
Enter OTP 675726 to proceed with your transaction.,OTP
Your package is out for delivery and will arrive by 6 PM.,Logistic
"Your account password has been reset. If not you, contact support.",Fraud
Your OTP is 249958 and is valid for 10 minutes.,OTP
Your package is out for delivery and will arrive by 6 PM.,Logistic
This is a suspicious login attempt. Was this you?,Fraud
Enter OTP 754082 to proceed with your transaction.,OTP
Your package is out for delivery and will arrive by 6 PM.,Logistic
Unusual activity detected in your account. Verify immediately.,Fraud
Enter OTP 748402 to proceed with your transaction.,OTP
Track your shipment here: [tracking_link].,Logistic
"Your account password has been reset. If not you, contact support.",Fraud
Your OTP is 152624. Do not share it with anyone.,OTP
Track your shipment here: [tracking_link].,Logistic
"Your account password has been reset. If not you, contact support.",Fraud
Your OTP is 164173. Do not share it with anyone.,OTP
Track your shipment here: [tracking_link].,Logistic
"Your account password has been reset. If not you, contact support.",Fraud
Your OTP is 838394. Do not share it with anyone.,OTP
Your order #2826 has been dispatched.,Logistic
"Your account password has been reset. If not you, contact support.",Fraud
Enter OTP 335662 to proceed with your transaction.,OTP
Track your shipment here: [tracking_link].,Logistic
"Your account password has been reset. If not you, contact support.",Fraud
Your OTP is 498622 and is valid for 10 minutes.,OTP
Your package is out for delivery and will arrive by 6 PM.,Logistic
Unusual activity detected in your account. Verify immediately.,Fraud
Your OTP is 181683 and is valid for 10 minutes.,OTP
Your package is out for delivery and will arrive by 6 PM.,Logistic
"Your account password has been reset. If not you, contact support.",Fraud
Enter OTP 561678 to proceed with your transaction.,OTP
Track your shipment here: [tracking_link].,Logistic
This is a suspicious login attempt. Was this you?,Fraud
Your OTP is 410352. Do not share it with anyone.,OTP
Your order #4656 has been dispatched.,Logistic
Unusual activity detected in your account. Verify immediately.,Fraud
Your OTP is 503128. Do not share it with anyone.,OTP
Your order #5478 has been dispatched.,Logistic
Unusual activity detected in your account. Verify immediately.,Fraud
Your OTP is 252817 and is valid for 10 minutes.,OTP
Your order #2740 has been dispatched.,Logistic
"Your account password has been reset. If not you, contact support.",Fraud
Your OTP is 644986. Do not share it with anyone.,OTP
Track your shipment here: [tracking_link].,Logistic
This is a suspicious login attempt. Was this you?,Fraud
Enter OTP 888932 to proceed with your transaction.,OTP
Your package is out for delivery and will arrive by 6 PM.,Logistic
This is a suspicious login attempt. Was this you?,Fraud
Your OTP is 801147. Do not share it with anyone.,OTP
Track your shipment here: [tracking_link].,Logistic
"Your account password has been reset. If not you, contact support.",Fraud
Enter OTP 355069 to proceed with your transaction.,OTP
Track your shipment here: [tracking_link].,Logistic
Unusual activity detected in your account. Verify immediately.,Fraud
Enter OTP 867858 to proceed with your transaction.,OTP
Track your shipment here: [tracking_link].,Logistic
Unusual activity detected in your account. Verify immediately.,Fraud
Your OTP is 332959. Do not share it with anyone.,OTP
Track your shipment here: [tracking_link].,Logistic
Unusual activity detected in your account. Verify immediately.,Fraud
Your OTP is 211317 and is valid for 10 minutes.,OTP
Your package is out for delivery and will arrive by 6 PM.,Logistic
This is a suspicious login attempt. Was this you?,Fraud
Enter OTP 882263 to proceed with your transaction.,OTP
Your package is out for delivery and will arrive by 6 PM.,Logistic
Unusual activity detected in your account. Verify immediately.,Fraud
Your OTP is 866880. Do not share it with anyone.,OTP
Track your shipment here: [tracking_link].,Logistic
"Your account password has been reset. If not you, contact support.",Fraud
Enter OTP 714226 to proceed with your transaction.,OTP
Track your shipment here: [tracking_link].,Logistic
This is a suspicious login attempt. Was this you?,Fraud
Your OTP is 978578. Do not share it with anyone.,OTP
Track your shipment here: [tracking_link].,Logistic
"Your account password has been reset. If not you, contact support.",Fraud
Your OTP is 761448 and is valid for 10 minutes.,OTP
Your package is out for delivery and will arrive by 6 PM.,Logistic
Unusual activity detected in your account. Verify immediately.,Fraud
Enter OTP 223861 to proceed with your transaction.,OTP
Your order #9860 has been dispatched.,Logistic
This is a suspicious login attempt. Was this you?,Fraud
Your OTP is 288385 and is valid for 10 minutes.,OTP
Your order #1174 has been dispatched.,Logistic
"Your account password has been reset. If not you, contact support.",Fraud
Enter OTP 426685 to proceed with your transaction.,OTP
Your order #1659 has been dispatched.,Logistic
This is a suspicious login attempt. Was this you?,Fraud
Your OTP is 295305 and is valid for 10 minutes.,OTP
Track your shipment here: [tracking_link].,Logistic
This is a suspicious login attempt. Was this you?,Fraud
Your OTP is 566181. Do not share it with anyone.,OTP
Your package is out for delivery and will arrive by 6 PM.,Logistic
"Your account password has been reset. If not you, contact support.",Fraud
Enter OTP 590801 to proceed with your transaction.,OTP
Your package is out for delivery and will arrive by 6 PM.,Logistic
"Your account password has been reset. If not you, contact support.",Fraud
Enter OTP 335480 to proceed with your transaction.,OTP
Your package is out for delivery and will arrive by 6 PM.,Logistic
"Your account password has been reset. If not you, contact support.",Fraud
Your OTP is 687408. Do not share it with anyone.,OTP
Your order #4972 has been dispatched.,Logistic
Unusual activity detected in your account. Verify immediately.,Fraud
Your OTP is 547412 and is valid for 10 minutes.,OTP
Track your shipment here: [tracking_link].,Logistic
Unusual activity detected in your account. Verify immediately.,Fraud
Your OTP is 638088. Do not share it with anyone.,OTP
Your package is out for delivery and will arrive by 6 PM.,Logistic
"Your account password has been reset. If not you, contact support.",Fraud
Enter OTP 767987 to proceed with your transaction.,OTP
Your package is out for delivery and will arrive by 6 PM.,Logistic
Unusual activity detected in your account. Verify immediately.,Fraud
Your OTP is 763512 and is valid for 10 minutes.,OTP
Your order #4153 has been dispatched.,Logistic
This is a suspicious login attempt. Was this you?,Fraud
Your OTP is 125851. Do not share it with anyone.,OTP
Your order #2812 has been dispatched.,Logistic
"Your account password has been reset. If not you, contact support.",Fraud
Your OTP is 376975 and is valid for 10 minutes.,OTP
Your order #1611 has been dispatched.,Logistic
Unusual activity detected in your account. Verify immediately.,Fraud
Enter OTP 887094 to proceed with your transaction.,OTP
Your package is out for delivery and will arrive by 6 PM.,Logistic
This is a suspicious login attempt. Was this you?,Fraud
Enter OTP 343545 to proceed with your transaction.,OTP
Track your shipment here: [tracking_link].,Logistic
"Your account password has been reset. If not you, contact support.",Fraud
Your OTP is 187381. Do not share it with anyone.,OTP
Track your shipment here: [tracking_link].,Logistic
"Your account password has been reset. If not you, contact support.",Fraud
Your OTP is 127725 and is valid for 10 minutes.,OTP
Your package is out for delivery and will arrive by 6 PM.,Logistic
This is a suspicious login attempt. Was this you?,Fraud
Enter OTP 576942 to proceed with your transaction.,OTP
Your order #8820 has been dispatched.,Logistic
This is a suspicious login attempt. Was this you?,Fraud
Your OTP is 567850. Do not share it with anyone.,OTP
Your package is out for delivery and will arrive by 6 PM.,Logistic
This is a suspicious login attempt. Was this you?,Fraud
Enter OTP 776527 to proceed with your transaction.,OTP
Your order #5295 has been dispatched.,Logistic
"Your account password has been reset. If not you, contact support.",Fraud
Enter OTP 168240 to proceed with your transaction.,OTP
Your order #6681 has been dispatched.,Logistic
"Your account password has been reset. If not you, contact support.",Fraud
Your OTP is 582992 and is valid for 10 minutes.,OTP
Your order #1420 has been dispatched.,Logistic
This is a suspicious login attempt. Was this you?,Fraud
Your OTP is 949996. Do not share it with anyone.,OTP
Track your shipment here: [tracking_link].,Logistic
Unusual activity detected in your account. Verify immediately.,Fraud
Enter OTP 796527 to proceed with your transaction.,OTP
Track your shipment here: [tracking_link].,Logistic
This is a suspicious login attempt. Was this you?,Fraud
Your OTP is 884106. Do not share it with anyone.,OTP
Track your shipment here: [tracking_link].,Logistic
This is a suspicious login attempt. Was this you?,Fraud
Your OTP is 900852. Do not share it with anyone.,OTP
Track your shipment here: [tracking_link].,Logistic
Unusual activity detected in your account. Verify immediately.,Fraud
Your OTP is 715795. Do not share it with anyone.,OTP
Your package is out for delivery and will arrive by 6 PM.,Logistic
This is a suspicious login attempt. Was this you?,Fraud
Your OTP is 178792 and is valid for 10 minutes.,OTP
Your package is out for delivery and will arrive by 6 PM.,Logistic
"Your account password has been reset. If not you, contact support.",Fraud
Enter OTP 311464 to proceed with your transaction.,OTP
Track your shipment here: [tracking_link].,Logistic
"Your account password has been reset. If not you, contact support.",Fraud
Your OTP is 873619. Do not share it with anyone.,OTP
Track your shipment here: [tracking_link].,Logistic
"Your account password has been reset. If not you, contact support.",Fraud
Your OTP is 606840. Do not share it with anyone.,OTP
Track your shipment here: [tracking_link].,Logistic
This is a suspicious login attempt. Was this you?,Fraud
Your OTP is 461006 and is valid for 10 minutes.,OTP
Track your shipment here: [tracking_link].,Logistic
This is a suspicious login attempt. Was this you?,Fraud
Enter OTP 326203 to proceed with your transaction.,OTP
Your package is out for delivery and will arrive by 6 PM.,Logistic
This is a suspicious login attempt. Was this you?,Fraud
Your OTP is 845342 and is valid for 10 minutes.,OTP
Your order #8645 has been dispatched.,Logistic
Unusual activity detected in your account. Verify immediately.,Fraud
Your OTP is 664559. Do not share it with anyone.,OTP
Your package is out for delivery and will arrive by 6 PM.,Logistic
"Your account password has been reset. If not you, contact support.",Fraud
Your OTP is 113580 and is valid for 10 minutes.,OTP
Your order #3117 has been dispatched.,Logistic
This is a suspicious login attempt. Was this you?,Fraud
Enter OTP 448087 to proceed with your transaction.,OTP
Your order #4324 has been dispatched.,Logistic
"Your account password has been reset. If not you, contact support.",Fraud
Your OTP is 155381 and is valid for 10 minutes.,OTP
Your package is out for delivery and will arrive by 6 PM.,Logistic
This is a suspicious login attempt. Was this you?,Fraud
Your OTP is 540129 and is valid for 10 minutes.,OTP
Your package is out for delivery and will arrive by 6 PM.,Logistic
This is a suspicious login attempt. Was this you?,Fraud
Your OTP is 265066 and is valid for 10 minutes.,OTP
Track your shipment here: [tracking_link].,Logistic
"Your account password has been reset. If not you, contact support.",Fraud
Your OTP is 733499. Do not share it with anyone.,OTP
Your package is out for delivery and will arrive by 6 PM.,Logistic
"Your account password has been reset. If not you, contact support.",Fraud
Your OTP is 871393. Do not share it with anyone.,OTP
Track your shipment here: [tracking_link].,Logistic
Unusual activity detected in your account. Verify immediately.,Fraud
Your OTP is 386201. Do not share it with anyone.,OTP
Track your shipment here: [tracking_link].,Logistic
This is a suspicious login attempt. Was this you?,Fraud
Your OTP is 526011 and is valid for 10 minutes.,OTP
Your package is out for delivery and will arrive by 6 PM.,Logistic
Unusual activity detected in your account. Verify immediately.,Fraud
Your OTP is 971912. Do not share it with anyone.,OTP
Your package is out for delivery and will arrive by 6 PM.,Logistic
"Your account password has been reset. If not you, contact support.",Fraud
Enter OTP 531710 to proceed with your transaction.,OTP
Your package is out for delivery and will arrive by 6 PM.,Logistic
Unusual activity detected in your account. Verify immediately.,Fraud
Your OTP is 239901. Do not share it with anyone.,OTP
Your order #7530 has been dispatched.,Logistic
"Your account password has been reset. If not you, contact support.",Fraud
Your OTP is 636072 and is valid for 10 minutes.,OTP
Your package is out for delivery and will arrive by 6 PM.,Logistic
Unusual activity detected in your account. Verify immediately.,Fraud
Your OTP is 291431 and is valid for 10 minutes.,OTP
Your order #7118 has been dispatched.,Logistic
"Your account password has been reset. If not you, contact support.",Fraud
Enter OTP 468878 to proceed with your transaction.,OTP
Your order #4751 has been dispatched.,Logistic
"Your account password has been reset. If not you, contact support.",Fraud
Your OTP is 470583. Do not share it with anyone.,OTP
Your order #3379 has been dispatched.,Logistic
Unusual activity detected in your account. Verify immediately.,Fraud
Your OTP is 336588. Do not share it with anyone.,OTP
Track your shipment here: [tracking_link].,Logistic
"Your account password has been reset. If not you, contact support.",Fraud
Your OTP is 730396. Do not share it with anyone.,OTP
Your order #9543 has been dispatched.,Logistic
"Your account password has been reset. If not you, contact support.",Fraud
Enter OTP 906824 to proceed with your transaction.,OTP
Your package is out for delivery and will arrive by 6 PM.,Logistic
This is a suspicious login attempt. Was this you?,Fraud
Your OTP is 484845. Do not share it with anyone.,OTP
Track your shipment here: [tracking_link].,Logistic
"Your account password has been reset. If not you, contact support.",Fraud
Your OTP is 998215. Do not share it with anyone.,OTP
Your package is out for delivery and will arrive by 6 PM.,Logistic
"Your account password has been reset. If not you, contact support.",Fraud
Your OTP is 921883 and is valid for 10 minutes.,OTP
Your order #7775 has been dispatched.,Logistic
Unusual activity detected in your account. Verify immediately.,Fraud
Enter OTP 210769 to proceed with your transaction.,OTP
Your order #4021 has been dispatched.,Logistic
This is a suspicious login attempt. Was this you?,Fraud
Your OTP is 858659 and is valid for 10 minutes.,OTP
Your order #6579 has been dispatched.,Logistic
"Your account password has been reset. If not you, contact support.",Fraud
Your OTP is 563356. Do not share it with anyone.,OTP
Track your shipment here: [tracking_link].,Logistic
Unusual activity detected in your account. Verify immediately.,Fraud
Your OTP is 477250. Do not share it with anyone.,OTP
Track your shipment here: [tracking_link].,Logistic
Unusual activity detected in your account. Verify immediately.,Fraud
Your OTP is 909095 and is valid for 10 minutes.,OTP
Your package is out for delivery and will arrive by 6 PM.,Logistic
Unusual activity detected in your account. Verify immediately.,Fraud
Enter OTP 515665 to proceed with your transaction.,OTP
Your package is out for delivery and will arrive by 6 PM.,Logistic
This is a suspicious login attempt. Was this you?,Fraud
Your OTP is 903204. Do not share it with anyone.,OTP
Track your shipment here: [tracking_link].,Logistic
"Your account password has been reset. If not you, contact support.",Fraud
Your OTP is 871899 and is valid for 10 minutes.,OTP
Your order #6049 has been dispatched.,Logistic
Unusual activity detected in your account. Verify immediately.,Fraud
Enter OTP 520452 to proceed with your transaction.,OTP
Your package is out for delivery and will arrive by 6 PM.,Logistic
Unusual activity detected in your account. Verify immediately.,Fraud
Enter OTP 295802 to proceed with your transaction.,OTP
Your package is out for delivery and will arrive by 6 PM.,Logistic
Unusual activity detected in your account. Verify immediately.,Fraud
Your OTP is 750982. Do not share it with anyone.,OTP
Your package is out for delivery and will arrive by 6 PM.,Logistic
This is a suspicious login attempt. Was this you?,Fraud
Your OTP is 294662. Do not share it with anyone.,OTP
Your package is out for delivery and will arrive by 6 PM.,Logistic
"Your account password has been reset. If not you, contact support.",Fraud
Your OTP is 355017. Do not share it with anyone.,OTP
Your order #2359 has been dispatched.,Logistic
This is a suspicious login attempt. Was this you?,Fraud
Your OTP is 810991. Do not share it with anyone.,OTP
Track your shipment here: [tracking_link].,Logistic
"Your account password has been reset. If not you, contact support.",Fraud
Your OTP is 818144 and is valid for 10 minutes.,OTP
Your package is out for delivery and will arrive by 6 PM.,Logistic
Unusual activity detected in your account. Verify immediately.,Fraud
Enter OTP 520065 to proceed with your transaction.,OTP
Your package is out for delivery and will arrive by 6 PM.,Logistic
Unusual activity detected in your account. Verify immediately.,Fraud
Your OTP is 436833 and is valid for 10 minutes.,OTP
Track your shipment here: [tracking_link].,Logistic
"Your account password has been reset. If not you, contact support.",Fraud
Your OTP is 502050. Do not share it with anyone.,OTP
Track your shipment here: [tracking_link].,Logistic
"Your account password has been reset. If not you, contact support.",Fraud
Enter OTP 436449 to proceed with your transaction.,OTP
Your order #9118 has been dispatched.,Logistic
Unusual activity detected in your account. Verify immediately.,Fraud
Enter OTP 553366 to proceed with your transaction.,OTP
Track your shipment here: [tracking_link].,Logistic
"Your account password has been reset. If not you, contact support.",Fraud
Enter OTP 990300 to proceed with your transaction.,OTP
Your order #8273 has been dispatched.,Logistic
This is a suspicious login attempt. Was this you?,Fraud
Your OTP is 397995. Do not share it with anyone.,OTP
Track your shipment here: [tracking_link].,Logistic
Unusual activity detected in your account. Verify immediately.,Fraud
Your OTP is 237881. Do not share it with anyone.,OTP
Track your shipment here: [tracking_link].,Logistic
"Your account password has been reset. If not you, contact support.",Fraud
Your OTP is 536309 and is valid for 10 minutes.,OTP
Your order #6095 has been dispatched.,Logistic
Unusual activity detected in your account. Verify immediately.,Fraud
Your OTP is 765331. Do not share it with anyone.,OTP
Track your shipment here: [tracking_link].,Logistic
Unusual activity detected in your account. Verify immediately.,Fraud
Your OTP is 625925 and is valid for 10 minutes.,OTP
Your package is out for delivery and will arrive by 6 PM.,Logistic
This is a suspicious login attempt. Was this you?,Fraud
Enter OTP 232305 to proceed with your transaction.,OTP
Your order #9812 has been dispatched.,Logistic
"Your account password has been reset. If not you, contact support.",Fraud
Enter OTP 291411 to proceed with your transaction.,OTP
Your order #7307 has been dispatched.,Logistic
"Your account password has been reset. If not you, contact support.",Fraud
Your OTP is 196198. Do not share it with anyone.,OTP
Your order #6873 has been dispatched.,Logistic
Unusual activity detected in your account. Verify immediately.,Fraud
Your OTP is 121928 and is valid for 10 minutes.,OTP
Your package is out for delivery and will arrive by 6 PM.,Logistic
"Your account password has been reset. If not you, contact support.",Fraud
Your OTP is 503038. Do not share it with anyone.,OTP
Your order #5124 has been dispatched.,Logistic
Unusual activity detected in your account. Verify immediately.,Fraud
Enter OTP 822364 to proceed with your transaction.,OTP
Your order #2209 has been dispatched.,Logistic
Unusual activity detected in your account. Verify immediately.,Fraud
Your OTP is 646573. Do not share it with anyone.,OTP
Your order #1207 has been dispatched.,Logistic
This is a suspicious login attempt. Was this you?,Fraud
Your OTP is 235332 and is valid for 10 minutes.,OTP
Track your shipment here: [tracking_link].,Logistic
"Your account password has been reset. If not you, contact support.",Fraud
Your OTP is 877561. Do not share it with anyone.,OTP
Your order #2137 has been dispatched.,Logistic
Unusual activity detected in your account. Verify immediately.,Fraud
Enter OTP 440441 to proceed with your transaction.,OTP
Your package is out for delivery and will arrive by 6 PM.,Logistic
Unusual activity detected in your account. Verify immediately.,Fraud
Enter OTP 633394 to proceed with your transaction.,OTP
Your package is out for delivery and will arrive by 6 PM.,Logistic
This is a suspicious login attempt. Was this you?,Fraud
Your OTP is 622067. Do not share it with anyone.,OTP
Your order #1815 has been dispatched.,Logistic
This is a suspicious login attempt. Was this you?,Fraud
Your OTP is 162179 and is valid for 10 minutes.,OTP
Your package is out for delivery and will arrive by 6 PM.,Logistic
"Your account password has been reset. If not you, contact support.",Fraud
Enter OTP 185242 to proceed with your transaction.,OTP
Track your shipment here: [tracking_link].,Logistic
This is a suspicious login attempt. Was this you?,Fraud
Enter OTP 667393 to proceed with your transaction.,OTP
Your package is out for delivery and will arrive by 6 PM.,Logistic
Unusual activity detected in your account. Verify immediately.,Fraud
Your OTP is 320325. Do not share it with anyone.,OTP
Your package is out for delivery and will arrive by 6 PM.,Logistic
Unusual activity detected in your account. Verify immediately.,Fraud
Enter OTP 838119 to proceed with your transaction.,OTP
Your package is out for delivery and will arrive by 6 PM.,Logistic
This is a suspicious login attempt. Was this you?,Fraud
Enter OTP 634483 to proceed with your transaction.,OTP
Your package is out for delivery and will arrive by 6 PM.,Logistic
Unusual activity detected in your account. Verify immediately.,Fraud
Your OTP is 465672. Do not share it with anyone.,OTP
Your package is out for delivery and will arrive by 6 PM.,Logistic
This is a suspicious login attempt. Was this you?,Fraud
Your OTP is 347164. Do not share it with anyone.,OTP
Track your shipment here: [tracking_link].,Logistic
Unusual activity detected in your account. Verify immediately.,Fraud
Your OTP is 996051. Do not share it with anyone.,OTP
Your order #2953 has been dispatched.,Logistic
Unusual activity detected in your account. Verify immediately.,Fraud
Enter OTP 316696 to proceed with your transaction.,OTP
Track your shipment here: [tracking_link].,Logistic
Unusual activity detected in your account. Verify immediately.,Fraud
Enter OTP 841378 to proceed with your transaction.,OTP
Your order #1712 has been dispatched.,Logistic
This is a suspicious login attempt. Was this you?,Fraud
Your OTP is 989118 and is valid for 10 minutes.,OTP
Your order #7865 has been dispatched.,Logistic
"Your account password has been reset. If not you, contact support.",Fraud
Your OTP is 266827 and is valid for 10 minutes.,OTP
Your order #5233 has been dispatched.,Logistic
Unusual activity detected in your account. Verify immediately.,Fraud
Your OTP is 238546. Do not share it with anyone.,OTP
Your order #5254 has been dispatched.,Logistic
Unusual activity detected in your account. Verify immediately.,Fraud
Enter OTP 183785 to proceed with your transaction.,OTP
Your package is out for delivery and will arrive by 6 PM.,Logistic
Unusual activity detected in your account. Verify immediately.,Fraud
Enter OTP 832036 to proceed with your transaction.,OTP
Track your shipment here: [tracking_link].,Logistic
Unusual activity detected in your account. Verify immediately.,Fraud
Enter OTP 448618 to proceed with your transaction.,OTP
Your order #5813 has been dispatched.,Logistic
"Your account password has been reset. If not you, contact support.",Fraud
Your OTP is 516003 and is valid for 10 minutes.,OTP
Your package is out for delivery and will arrive by 6 PM.,Logistic
Unusual activity detected in your account. Verify immediately.,Fraud
Enter OTP 406107 to proceed with your transaction.,OTP
Your order #8644 has been dispatched.,Logistic
This is a suspicious login attempt. Was this you?,Fraud
Your OTP is 362989. Do not share it with anyone.,OTP
Your order #2952 has been dispatched.,Logistic
"Your account password has been reset. If not you, contact support.",Fraud
Enter OTP 893345 to proceed with your transaction.,OTP
Track your shipment here: [tracking_link].,Logistic
This is a suspicious login attempt. Was this you?,Fraud
Enter OTP 595854 to proceed with your transaction.,OTP
Track your shipment here: [tracking_link].,Logistic
This is a suspicious login attempt. Was this you?,Fraud
Your OTP is 129687 and is valid for 10 minutes.,OTP
Your package is out for delivery and will arrive by 6 PM.,Logistic
"Your account password has been reset. If not you, contact support.",Fraud
Your OTP is 793760. Do not share it with anyone.,OTP
Your package is out for delivery and will arrive by 6 PM.,Logistic
"Your account password has been reset. If not you, contact support.",Fraud
Enter OTP 523923 to proceed with your transaction.,OTP
Track your shipment here: [tracking_link].,Logistic
"Your account password has been reset. If not you, contact support.",Fraud
Your OTP is 860577 and is valid for 10 minutes.,OTP
Your package is out for delivery and will arrive by 6 PM.,Logistic
"Your account password has been reset. If not you, contact support.",Fraud
Enter OTP 887895 to proceed with your transaction.,OTP
Your order #2963 has been dispatched.,Logistic
"Your account password has been reset. If not you, contact support.",Fraud
Enter OTP 431418 to proceed with your transaction.,OTP
Track your shipment here: [tracking_link].,Logistic
Unusual activity detected in your account. Verify immediately.,Fraud
Your OTP is 217175 and is valid for 10 minutes.,OTP
Track your shipment here: [tracking_link].,Logistic
"Your account password has been reset. If not you, contact support.",Fraud
Enter OTP 853346 to proceed with your transaction.,OTP
Your package is out for delivery and will arrive by 6 PM.,Logistic
Unusual activity detected in your account. Verify immediately.,Fraud
Enter OTP 277062 to proceed with your transaction.,OTP
Your order #8942 has been dispatched.,Logistic
"Your account password has been reset. If not you, contact support.",Fraud
Enter OTP 445618 to proceed with your transaction.,OTP
Your package is out for delivery and will arrive by 6 PM.,Logistic
Unusual activity detected in your account. Verify immediately.,Fraud
Your OTP is 661202 and is valid for 10 minutes.,OTP
Your order #8705 has been dispatched.,Logistic
Unusual activity detected in your account. Verify immediately.,Fraud
Your OTP is 739128. Do not share it with anyone.,OTP
Your order #8931 has been dispatched.,Logistic
This is a suspicious login attempt. Was this you?,Fraud
Your OTP is 904908 and is valid for 10 minutes.,OTP
Your package is out for delivery and will arrive by 6 PM.,Logistic
"Your account password has been reset. If not you, contact support.",Fraud
Your OTP is 242167 and is valid for 10 minutes.,OTP
Your package is out for delivery and will arrive by 6 PM.,Logistic
"Your account password has been reset. If not you, contact support.",Fraud
Your OTP is 976925. Do not share it with anyone.,OTP
Track your shipment here: [tracking_link].,Logistic
This is a suspicious login attempt. Was this you?,Fraud
Enter OTP 712214 to proceed with your transaction.,OTP
Your package is out for delivery and will arrive by 6 PM.,Logistic
Unusual activity detected in your account. Verify immediately.,Fraud
Your OTP is 562103 and is valid for 10 minutes.,OTP
Track your shipment here: [tracking_link].,Logistic
"Your account password has been reset. If not you, contact support.",Fraud
Your OTP is 562088. Do not share it with anyone.,OTP
Your package is out for delivery and will arrive by 6 PM.,Logistic
This is a suspicious login attempt. Was this you?,Fraud
Your OTP is 319697. Do not share it with anyone.,OTP
Your package is out for delivery and will arrive by 6 PM.,Logistic
"Your account password has been reset. If not you, contact support.",Fraud
Your OTP is 949653. Do not share it with anyone.,OTP
Your order #7336 has been dispatched.,Logistic
This is a suspicious login attempt. Was this you?,Fraud
Enter OTP 111221 to proceed with your transaction.,OTP
Your order #9015 has been dispatched.,Logistic
Unusual activity detected in your account. Verify immediately.,Fraud
Your OTP is 775574 and is valid for 10 minutes.,OTP
Track your shipment here: [tracking_link].,Logistic
Unusual activity detected in your account. Verify immediately.,Fraud
Your OTP is 642020 and is valid for 10 minutes.,OTP
Track your shipment here: [tracking_link].,Logistic
"Your account password has been reset. If not you, contact support.",Fraud
Enter OTP 351460 to proceed with your transaction.,OTP
Track your shipment here: [tracking_link].,Logistic
This is a suspicious login attempt. Was this you?,Fraud
Your OTP is 340192 and is valid for 10 minutes.,OTP
Track your shipment here: [tracking_link].,Logistic
"Your account password has been reset. If not you, contact support.",Fraud
Your OTP is 850874. Do not share it with anyone.,OTP
Track your shipment here: [tracking_link].,Logistic
"Your account password has been reset. If not you, contact support.",Fraud
Your OTP is 258061 and is valid for 10 minutes.,OTP
Your order #4698 has been dispatched.,Logistic
This is a suspicious login attempt. Was this you?,Fraud
Your OTP is 505359. Do not share it with anyone.,OTP
Track your shipment here: [tracking_link].,Logistic
Unusual activity detected in your account. Verify immediately.,Fraud
Your OTP is 148180. Do not share it with anyone.,OTP
Track your shipment here: [tracking_link].,Logistic
This is a suspicious login attempt. Was this you?,Fraud
Your OTP is 162654. Do not share it with anyone.,OTP
Track your shipment here: [tracking_link].,Logistic
"Your account password has been reset. If not you, contact support.",Fraud
Your OTP is 461640. Do not share it with anyone.,OTP
Your order #2571 has been dispatched.,Logistic
Unusual activity detected in your account. Verify immediately.,Fraud
